<?xml version="1.0" encoding="UTF-8"?>
<project-private xmlns="http://www.netbeans.org/ns/project-private/1">
    <editor-bookmarks xmlns="http://www.netbeans.org/ns/editor-bookmarks/2" lastBookmarkId="0"/>
    <open-files xmlns="http://www.netbeans.org/ns/projectui-open-files/2">
        <group>
            <file>file:/D:/ALGORITMOS/Hoja%20%233/src/hoja/pkg3/PRUEBAmerge.java</file>
            <file>file:/D:/ALGORITMOS/Hoja%20%233/src/hoja/pkg3/Pruebaquik.java</file>
            <file>file:/D:/ALGORITMOS/Hoja%20%233/src/hoja/pkg3/Pruebasell.java</file>
            <file>file:/D:/ALGORITMOS/Hoja%20%233/src/hoja/pkg3/Hoja3.java</file>
            <file>file:/D:/ALGORITMOS/Hoja%20%233/src/hoja/pkg3/Sortsitos.java</file>
            <file>file:/D:/ALGORITMOS/Hoja%20%233/src/hoja/pkg3/Pruebaradix.java</file>
            <file>file:/D:/ALGORITMOS/Hoja%20%233/src/hoja/pkg3/Selection.java</file>
        </group>
    </open-files>
</project-private>
